{
"providers":[
{"type":"bitmap","file":"lthc.mage:essences/pure/aero.png","ascent":12,"height":16,"chars":["\ue000"]},
{"type":"bitmap","file":"lthc.mage:essences/pure/celestial.png","ascent":12,"height":16,"chars":["\ue001"]},
{"type":"bitmap","file":"lthc.mage:essences/pure/color.png","ascent":12,"height":16,"chars":["\ue002"]},
{"type":"bitmap","file":"lthc.mage:essences/pure/end.png","ascent":12,"height":16,"chars":["\ue003"]},
{"type":"bitmap","file":"lthc.mage:essences/pure/fungus.png","ascent":12,"height":16,"chars":["\ue004"]},
{"type":"bitmap","file":"lthc.mage:essences/pure/gas.png","ascent":12,"height":16,"chars":["\ue005"]},
{"type":"bitmap","file":"lthc.mage:essences/pure/hydro.png","ascent":12,"height":16,"chars":["\ue006"]},
{"type":"bitmap","file":"lthc.mage:essences/pure/phyto.png","ascent":12,"height":16,"chars":["\ue007"]},
{"type":"bitmap","file":"lthc.mage:essences/pure/thermo.png","ascent":12,"height":16,"chars":["\ue008"]},
{"type":"bitmap","file":"lthc.mage:essences/compact/compact_aero.png","ascent":12,"height":16,"chars":["\ue010"]},
{"type":"bitmap","file":"lthc.mage:essences/compact/compact_celestial.png","ascent":12,"height":16,"chars":["\ue011"]},
{"type":"bitmap","file":"lthc.mage:essences/compact/compact_color.png","ascent":12,"height":16,"chars":["\ue012"]},
{"type":"bitmap","file":"lthc.mage:essences/compact/compact_end.png","ascent":12,"height":16,"chars":["\ue013"]},
{"type":"bitmap","file":"lthc.mage:essences/compact/compact_fungus.png","ascent":12,"height":16,"chars":["\ue014"]},
{"type":"bitmap","file":"lthc.mage:essences/compact/compact_gas.png","ascent":12,"height":16,"chars":["\ue015"]},
{"type":"bitmap","file":"lthc.mage:essences/compact/compact_hydro.png","ascent":12,"height":16,"chars":["\ue016"]},
{"type":"bitmap","file":"lthc.mage:essences/compact/compact_phyto.png","ascent":12,"height":16,"chars":["\ue017"]},
{"type":"bitmap","file":"lthc.mage:essences/compact/compact_thermo.png","ascent":12,"height":16,"chars":["\ue018"]},
{"type":"bitmap","file":"lthc.mage:essences/ancient/logical_magic_essences.png","ascent":12,"height":16,"chars":["\ue020"]},
{"type":"bitmap","file":"lthc.mage:essences/ancient/paradoxal_magic_essences.png","ascent":12,"height":16,"chars":["\ue021"]}
]
}