{"parent":"block/cube_all","textures":{"1":"lthc.mage:maps/blocks_map"},"elements":[{"from":[0,0,0],"to":[16,16,16],"faces":{"north":{"uv":[12,1.333,13.333,2.666],"texture":"#1"},"east":{"uv":[12,1.333,13.333,2.666],"texture":"#1"},"south":{"uv":[12,1.333,13.333,2.666],"texture":"#1"},"west":{"uv":[12,1.333,13.333,2.666],"texture":"#1"},"up":{"uv":[12,1.333,13.333,2.666],"texture":"#1"},"down":{"uv":[12,1.333,13.333,2.666],"texture":"#1"}}}],"display":{"fixed":{"rotation":[-90,0,0],"translation":[0,0,-16],"scale":[2.001,2.001,2.001]}}}