{"parent":"lthc.mage:block_renderer","textures":{"0":"lthc.mage:maps/blocks_map"},"elements":[{"from":[0,0,0],"to":[16,16,16],"faces":{"north":{"uv":[14.666,14.666,15.999,15.999],"texture":"#0","cullface":"north"},"east":{"uv":[14.666,14.666,15.999,15.999],"texture":"#0","cullface":"east"},"south":{"uv":[14.666,14.666,15.999,15.999],"texture":"#0","cullface":"south"},"west":{"uv":[14.666,14.666,15.999,15.999],"texture":"#0","cullface":"west"},"up":{"uv":[14.666,14.666,15.999,15.999],"texture":"#0","cullface":"up"},"down":{"uv":[14.666,14.666,15.999,15.999],"texture":"#0","cullface":"down"}},"shade":false}]}