{"parent":"block/cube_all","textures":{"0":"lthc.mage:maps/blocks_map"},"elements":[{"name":"Cube0","from":[0,0,0],"to":[16,1,1],"faces":{"north":{"uv":[0,2.666,0.083,2.749],"texture":"#0"},"east":{"uv":[0,2.666,0.083,2.749],"texture":"#0"},"south":{"uv":[0,2.666,0.083,2.749],"texture":"#0"},"west":{"uv":[0,2.666,0.083,2.749],"texture":"#0"},"up":{"uv":[0,2.666,0.083,2.749],"texture":"#0"},"down":{"uv":[0,2.666,0.083,2.749],"texture":"#0"}}},{"name":"Cube1","from":[0,0,15],"to":[16,1,16],"faces":{"north":{"uv":[0,2.666,0.083,2.749],"texture":"#0"},"east":{"uv":[0,2.666,0.083,2.749],"texture":"#0"},"south":{"uv":[0,2.666,0.083,2.749],"texture":"#0"},"west":{"uv":[0,2.666,0.083,2.749],"texture":"#0"},"up":{"uv":[0,2.666,0.083,2.749],"texture":"#0"},"down":{"uv":[0,2.666,0.083,2.749],"texture":"#0"}}},{"name":"Cube0","from":[0,0,1],"to":[1,1,15],"faces":{"north":{"uv":[0,2.666,0.083,2.749],"texture":"#0"},"east":{"uv":[0,2.666,0.083,2.749],"texture":"#0"},"south":{"uv":[0,2.666,0.083,2.749],"texture":"#0"},"west":{"uv":[0,2.666,0.083,2.749],"texture":"#0"},"up":{"uv":[0,2.666,0.083,2.749],"texture":"#0"},"down":{"uv":[0,2.666,0.083,2.749],"texture":"#0"}}},{"name":"Cube1","from":[15,0,1],"to":[16,1,15],"faces":{"north":{"uv":[0,2.666,0.083,2.749],"texture":"#0"},"east":{"uv":[0,2.666,0.083,2.749],"texture":"#0"},"south":{"uv":[0,2.666,0.083,2.749],"texture":"#0"},"west":{"uv":[0,2.666,0.083,2.749],"texture":"#0"},"up":{"uv":[0,2.666,0.083,2.749],"texture":"#0"},"down":{"uv":[0,2.666,0.083,2.749],"texture":"#0"}}},{"name":"Cube0","from":[0,15,0],"to":[16,16,1],"faces":{"north":{"uv":[0,2.666,0.083,2.749],"texture":"#0"},"east":{"uv":[0,2.666,0.083,2.749],"texture":"#0"},"south":{"uv":[0,2.666,0.083,2.749],"texture":"#0"},"west":{"uv":[0,2.666,0.083,2.749],"texture":"#0"},"up":{"uv":[0,2.666,0.083,2.749],"texture":"#0"},"down":{"uv":[0,2.666,0.083,2.749],"texture":"#0"}}},{"name":"Cube1","from":[0,15,15],"to":[16,16,16],"faces":{"north":{"uv":[0,2.666,0.083,2.749],"texture":"#0"},"east":{"uv":[0,2.666,0.083,2.749],"texture":"#0"},"south":{"uv":[0,2.666,0.083,2.749],"texture":"#0"},"west":{"uv":[0,2.666,0.083,2.749],"texture":"#0"},"up":{"uv":[0,2.666,0.083,2.749],"texture":"#0"},"down":{"uv":[0,2.666,0.083,2.749],"texture":"#0"}}},{"name":"Cube0","from":[0,15,1],"to":[1,16,15],"faces":{"north":{"uv":[0,2.666,0.083,2.749],"texture":"#0"},"east":{"uv":[0,2.666,0.083,2.749],"texture":"#0"},"south":{"uv":[0,2.666,0.083,2.749],"texture":"#0"},"west":{"uv":[0,2.666,0.083,2.749],"texture":"#0"},"up":{"uv":[0,2.666,0.083,2.749],"texture":"#0"},"down":{"uv":[0,2.666,0.083,2.749],"texture":"#0"}}},{"name":"Cube1","from":[15,15,1],"to":[16,16,15],"faces":{"north":{"uv":[0,2.666,0.083,2.749],"texture":"#0"},"east":{"uv":[0,2.666,0.083,2.749],"texture":"#0"},"south":{"uv":[0,2.666,0.083,2.749],"texture":"#0"},"west":{"uv":[0,2.666,0.083,2.749],"texture":"#0"},"up":{"uv":[0,2.666,0.083,2.749],"texture":"#0"},"down":{"uv":[0,2.666,0.083,2.749],"texture":"#0"}}},{"name":"Cube0","from":[0,1,0],"to":[1,15,1],"faces":{"north":{"uv":[0.083,2.666,0.166,3.832],"texture":"#0"},"east":{"uv":[0.083,2.666,0.166,3.832],"texture":"#0"},"south":{"uv":[0.083,2.666,0.166,3.832],"texture":"#0"},"west":{"uv":[0.083,2.666,0.166,3.832],"texture":"#0"},"up":{"uv":[0.083,2.666,0.166,3.832],"texture":"#0"},"down":{"uv":[0.083,2.666,0.166,3.832],"texture":"#0"}}},{"name":"Cube1","from":[15,1,0],"to":[16,15,1],"faces":{"north":{"uv":[0.083,2.666,0.166,3.832],"texture":"#0"},"east":{"uv":[0.083,2.666,0.166,3.832],"texture":"#0"},"south":{"uv":[0.083,2.666,0.166,3.832],"texture":"#0"},"west":{"uv":[0.083,2.666,0.166,3.832],"texture":"#0"},"up":{"uv":[0.083,2.666,0.166,3.832],"texture":"#0"},"down":{"uv":[0.083,2.666,0.166,3.832],"texture":"#0"}}},{"name":"Cube2","from":[0,1,15],"to":[1,15,16],"faces":{"north":{"uv":[0.083,2.666,0.166,3.832],"texture":"#0"},"east":{"uv":[0.083,2.666,0.166,3.832],"texture":"#0"},"south":{"uv":[0.083,2.666,0.166,3.832],"texture":"#0"},"west":{"uv":[0.083,2.666,0.166,3.832],"texture":"#0"},"up":{"uv":[0.083,2.666,0.166,3.832],"texture":"#0"},"down":{"uv":[0.083,2.666,0.166,3.832],"texture":"#0"}}},{"name":"Cube3","from":[15,1,15],"to":[16,15,16],"faces":{"north":{"uv":[0.083,2.666,0.166,3.832],"texture":"#0"},"east":{"uv":[0.083,2.666,0.166,3.832],"texture":"#0"},"south":{"uv":[0.083,2.666,0.166,3.832],"texture":"#0"},"west":{"uv":[0.083,2.666,0.166,3.832],"texture":"#0"},"up":{"uv":[0.083,2.666,0.166,3.832],"texture":"#0"},"down":{"uv":[0.083,2.666,0.166,3.832],"texture":"#0"}}},{"name":"Cube0","from":[1,15,1],"to":[3,16,3],"faces":{"north":{"uv":[1.332,2.666,1.498,2.832],"texture":"#0"},"east":{"uv":[1.332,2.666,1.498,2.832],"texture":"#0"},"south":{"uv":[1.332,2.666,1.498,2.832],"texture":"#0"},"west":{"uv":[1.332,2.666,1.498,2.832],"texture":"#0"},"up":{"uv":[1.332,2.666,1.498,2.832],"texture":"#0"},"down":{"uv":[1.332,2.666,1.498,2.832],"texture":"#0"}}},{"name":"Cube1","from":[5,15,1],"to":[7,16,3],"faces":{"north":{"uv":[1.332,2.666,1.498,2.832],"texture":"#0"},"east":{"uv":[1.332,2.666,1.498,2.832],"texture":"#0"},"south":{"uv":[1.332,2.666,1.498,2.832],"texture":"#0"},"west":{"uv":[1.332,2.666,1.498,2.832],"texture":"#0"},"up":{"uv":[1.332,2.666,1.498,2.832],"texture":"#0"},"down":{"uv":[1.332,2.666,1.498,2.832],"texture":"#0"}}},{"name":"Cube2","from":[9,15,1],"to":[11,16,3],"faces":{"north":{"uv":[1.332,2.666,1.498,2.832],"texture":"#0"},"east":{"uv":[1.332,2.666,1.498,2.832],"texture":"#0"},"south":{"uv":[1.332,2.666,1.498,2.832],"texture":"#0"},"west":{"uv":[1.332,2.666,1.498,2.832],"texture":"#0"},"up":{"uv":[1.332,2.666,1.498,2.832],"texture":"#0"},"down":{"uv":[1.332,2.666,1.498,2.832],"texture":"#0"}}},{"name":"Cube3","from":[13,15,1],"to":[15,16,3],"faces":{"north":{"uv":[1.332,2.666,1.498,2.832],"texture":"#0"},"east":{"uv":[1.332,2.666,1.498,2.832],"texture":"#0"},"south":{"uv":[1.332,2.666,1.498,2.832],"texture":"#0"},"west":{"uv":[1.332,2.666,1.498,2.832],"texture":"#0"},"up":{"uv":[1.332,2.666,1.498,2.832],"texture":"#0"},"down":{"uv":[1.332,2.666,1.498,2.832],"texture":"#0"}}},{"name":"Cube0","from":[3,15,3],"to":[5,16,5],"faces":{"north":{"uv":[1.332,2.666,1.498,2.832],"texture":"#0"},"east":{"uv":[1.332,2.666,1.498,2.832],"texture":"#0"},"south":{"uv":[1.332,2.666,1.498,2.832],"texture":"#0"},"west":{"uv":[1.332,2.666,1.498,2.832],"texture":"#0"},"up":{"uv":[1.332,2.666,1.498,2.832],"texture":"#0"},"down":{"uv":[1.332,2.666,1.498,2.832],"texture":"#0"}}},{"name":"Cube1","from":[7,15,3],"to":[9,16,5],"faces":{"north":{"uv":[1.332,2.666,1.498,2.832],"texture":"#0"},"east":{"uv":[1.332,2.666,1.498,2.832],"texture":"#0"},"south":{"uv":[1.332,2.666,1.498,2.832],"texture":"#0"},"west":{"uv":[1.332,2.666,1.498,2.832],"texture":"#0"},"up":{"uv":[1.332,2.666,1.498,2.832],"texture":"#0"},"down":{"uv":[1.332,2.666,1.498,2.832],"texture":"#0"}}},{"name":"Cube2","from":[11,15,3],"to":[13,16,5],"faces":{"north":{"uv":[1.332,2.666,1.498,2.832],"texture":"#0"},"east":{"uv":[1.332,2.666,1.498,2.832],"texture":"#0"},"south":{"uv":[1.332,2.666,1.498,2.832],"texture":"#0"},"west":{"uv":[1.332,2.666,1.498,2.832],"texture":"#0"},"up":{"uv":[1.332,2.666,1.498,2.832],"texture":"#0"},"down":{"uv":[1.332,2.666,1.498,2.832],"texture":"#0"}}},{"name":"Cube0","from":[1,15,5],"to":[3,16,7],"faces":{"north":{"uv":[1.332,2.666,1.498,2.832],"texture":"#0"},"east":{"uv":[1.332,2.666,1.498,2.832],"texture":"#0"},"south":{"uv":[1.332,2.666,1.498,2.832],"texture":"#0"},"west":{"uv":[1.332,2.666,1.498,2.832],"texture":"#0"},"up":{"uv":[1.332,2.666,1.498,2.832],"texture":"#0"},"down":{"uv":[1.332,2.666,1.498,2.832],"texture":"#0"}}},{"name":"Cube1","from":[5,15,5],"to":[7,16,7],"faces":{"north":{"uv":[1.332,2.666,1.498,2.832],"texture":"#0"},"east":{"uv":[1.332,2.666,1.498,2.832],"texture":"#0"},"south":{"uv":[1.332,2.666,1.498,2.832],"texture":"#0"},"west":{"uv":[1.332,2.666,1.498,2.832],"texture":"#0"},"up":{"uv":[1.332,2.666,1.498,2.832],"texture":"#0"},"down":{"uv":[1.332,2.666,1.498,2.832],"texture":"#0"}}},{"name":"Cube2","from":[9,15,5],"to":[11,16,7],"faces":{"north":{"uv":[1.332,2.666,1.498,2.832],"texture":"#0"},"east":{"uv":[1.332,2.666,1.498,2.832],"texture":"#0"},"south":{"uv":[1.332,2.666,1.498,2.832],"texture":"#0"},"west":{"uv":[1.332,2.666,1.498,2.832],"texture":"#0"},"up":{"uv":[1.332,2.666,1.498,2.832],"texture":"#0"},"down":{"uv":[1.332,2.666,1.498,2.832],"texture":"#0"}}},{"name":"Cube3","from":[13,15,5],"to":[15,16,7],"faces":{"north":{"uv":[1.332,2.666,1.498,2.832],"texture":"#0"},"east":{"uv":[1.332,2.666,1.498,2.832],"texture":"#0"},"south":{"uv":[1.332,2.666,1.498,2.832],"texture":"#0"},"west":{"uv":[1.332,2.666,1.498,2.832],"texture":"#0"},"up":{"uv":[1.332,2.666,1.498,2.832],"texture":"#0"},"down":{"uv":[1.332,2.666,1.498,2.832],"texture":"#0"}}},{"name":"Cube0","from":[3,15,7],"to":[5,16,9],"faces":{"north":{"uv":[1.332,2.666,1.498,2.832],"texture":"#0"},"east":{"uv":[1.332,2.666,1.498,2.832],"texture":"#0"},"south":{"uv":[1.332,2.666,1.498,2.832],"texture":"#0"},"west":{"uv":[1.332,2.666,1.498,2.832],"texture":"#0"},"up":{"uv":[1.332,2.666,1.498,2.832],"texture":"#0"},"down":{"uv":[1.332,2.666,1.498,2.832],"texture":"#0"}}},{"name":"Cube1","from":[7,15,7],"to":[9,16,9],"faces":{"north":{"uv":[1.332,2.666,1.498,2.832],"texture":"#0"},"east":{"uv":[1.332,2.666,1.498,2.832],"texture":"#0"},"south":{"uv":[1.332,2.666,1.498,2.832],"texture":"#0"},"west":{"uv":[1.332,2.666,1.498,2.832],"texture":"#0"},"up":{"uv":[1.332,2.666,1.498,2.832],"texture":"#0"},"down":{"uv":[1.332,2.666,1.498,2.832],"texture":"#0"}}},{"name":"Cube2","from":[11,15,7],"to":[13,16,9],"faces":{"north":{"uv":[1.332,2.666,1.498,2.832],"texture":"#0"},"east":{"uv":[1.332,2.666,1.498,2.832],"texture":"#0"},"south":{"uv":[1.332,2.666,1.498,2.832],"texture":"#0"},"west":{"uv":[1.332,2.666,1.498,2.832],"texture":"#0"},"up":{"uv":[1.332,2.666,1.498,2.832],"texture":"#0"},"down":{"uv":[1.332,2.666,1.498,2.832],"texture":"#0"}}},{"name":"Cube0","from":[1,15,9],"to":[3,16,11],"faces":{"north":{"uv":[1.332,2.666,1.498,2.832],"texture":"#0"},"east":{"uv":[1.332,2.666,1.498,2.832],"texture":"#0"},"south":{"uv":[1.332,2.666,1.498,2.832],"texture":"#0"},"west":{"uv":[1.332,2.666,1.498,2.832],"texture":"#0"},"up":{"uv":[1.332,2.666,1.498,2.832],"texture":"#0"},"down":{"uv":[1.332,2.666,1.498,2.832],"texture":"#0"}}},{"name":"Cube1","from":[5,15,9],"to":[7,16,11],"faces":{"north":{"uv":[1.332,2.666,1.498,2.832],"texture":"#0"},"east":{"uv":[1.332,2.666,1.498,2.832],"texture":"#0"},"south":{"uv":[1.332,2.666,1.498,2.832],"texture":"#0"},"west":{"uv":[1.332,2.666,1.498,2.832],"texture":"#0"},"up":{"uv":[1.332,2.666,1.498,2.832],"texture":"#0"},"down":{"uv":[1.332,2.666,1.498,2.832],"texture":"#0"}}},{"name":"Cube2","from":[9,15,9],"to":[11,16,11],"faces":{"north":{"uv":[1.332,2.666,1.498,2.832],"texture":"#0"},"east":{"uv":[1.332,2.666,1.498,2.832],"texture":"#0"},"south":{"uv":[1.332,2.666,1.498,2.832],"texture":"#0"},"west":{"uv":[1.332,2.666,1.498,2.832],"texture":"#0"},"up":{"uv":[1.332,2.666,1.498,2.832],"texture":"#0"},"down":{"uv":[1.332,2.666,1.498,2.832],"texture":"#0"}}},{"name":"Cube3","from":[13,15,9],"to":[15,16,11],"faces":{"north":{"uv":[1.332,2.666,1.498,2.832],"texture":"#0"},"east":{"uv":[1.332,2.666,1.498,2.832],"texture":"#0"},"south":{"uv":[1.332,2.666,1.498,2.832],"texture":"#0"},"west":{"uv":[1.332,2.666,1.498,2.832],"texture":"#0"},"up":{"uv":[1.332,2.666,1.498,2.832],"texture":"#0"},"down":{"uv":[1.332,2.666,1.498,2.832],"texture":"#0"}}},{"name":"Cube0","from":[3,15,11],"to":[5,16,13],"faces":{"north":{"uv":[1.332,2.666,1.498,2.832],"texture":"#0"},"east":{"uv":[1.332,2.666,1.498,2.832],"texture":"#0"},"south":{"uv":[1.332,2.666,1.498,2.832],"texture":"#0"},"west":{"uv":[1.332,2.666,1.498,2.832],"texture":"#0"},"up":{"uv":[1.332,2.666,1.498,2.832],"texture":"#0"},"down":{"uv":[1.332,2.666,1.498,2.832],"texture":"#0"}}},{"name":"Cube1","from":[7,15,11],"to":[9,16,13],"faces":{"north":{"uv":[1.332,2.666,1.498,2.832],"texture":"#0"},"east":{"uv":[1.332,2.666,1.498,2.832],"texture":"#0"},"south":{"uv":[1.332,2.666,1.498,2.832],"texture":"#0"},"west":{"uv":[1.332,2.666,1.498,2.832],"texture":"#0"},"up":{"uv":[1.332,2.666,1.498,2.832],"texture":"#0"},"down":{"uv":[1.332,2.666,1.498,2.832],"texture":"#0"}}},{"name":"Cube2","from":[11,15,11],"to":[13,16,13],"faces":{"north":{"uv":[1.332,2.666,1.498,2.832],"texture":"#0"},"east":{"uv":[1.332,2.666,1.498,2.832],"texture":"#0"},"south":{"uv":[1.332,2.666,1.498,2.832],"texture":"#0"},"west":{"uv":[1.332,2.666,1.498,2.832],"texture":"#0"},"up":{"uv":[1.332,2.666,1.498,2.832],"texture":"#0"},"down":{"uv":[1.332,2.666,1.498,2.832],"texture":"#0"}}},{"name":"Cube0","from":[1,15,13],"to":[3,16,15],"faces":{"north":{"uv":[1.332,2.666,1.498,2.832],"texture":"#0"},"east":{"uv":[1.332,2.666,1.498,2.832],"texture":"#0"},"south":{"uv":[1.332,2.666,1.498,2.832],"texture":"#0"},"west":{"uv":[1.332,2.666,1.498,2.832],"texture":"#0"},"up":{"uv":[1.332,2.666,1.498,2.832],"texture":"#0"},"down":{"uv":[1.332,2.666,1.498,2.832],"texture":"#0"}}},{"name":"Cube1","from":[5,15,13],"to":[7,16,15],"faces":{"north":{"uv":[1.332,2.666,1.498,2.832],"texture":"#0"},"east":{"uv":[1.332,2.666,1.498,2.832],"texture":"#0"},"south":{"uv":[1.332,2.666,1.498,2.832],"texture":"#0"},"west":{"uv":[1.332,2.666,1.498,2.832],"texture":"#0"},"up":{"uv":[1.332,2.666,1.498,2.832],"texture":"#0"},"down":{"uv":[1.332,2.666,1.498,2.832],"texture":"#0"}}},{"name":"Cube2","from":[9,15,13],"to":[11,16,15],"faces":{"north":{"uv":[1.332,2.666,1.498,2.832],"texture":"#0"},"east":{"uv":[1.332,2.666,1.498,2.832],"texture":"#0"},"south":{"uv":[1.332,2.666,1.498,2.832],"texture":"#0"},"west":{"uv":[1.332,2.666,1.498,2.832],"texture":"#0"},"up":{"uv":[1.332,2.666,1.498,2.832],"texture":"#0"},"down":{"uv":[1.332,2.666,1.498,2.832],"texture":"#0"}}},{"name":"Cube3","from":[13,15,13],"to":[15,16,15],"faces":{"north":{"uv":[1.332,2.666,1.498,2.832],"texture":"#0"},"east":{"uv":[1.332,2.666,1.498,2.832],"texture":"#0"},"south":{"uv":[1.332,2.666,1.498,2.832],"texture":"#0"},"west":{"uv":[1.332,2.666,1.498,2.832],"texture":"#0"},"up":{"uv":[1.332,2.666,1.498,2.832],"texture":"#0"},"down":{"uv":[1.332,2.666,1.498,2.832],"texture":"#0"}}},{"name":"Base","from":[1,0,1],"to":[15,1,15],"faces":{"north":{"uv":[0.166,2.666,1.332,3.832],"texture":"#0"},"east":{"uv":[0.166,2.666,1.332,3.832],"texture":"#0"},"south":{"uv":[0.166,2.666,1.332,3.832],"texture":"#0"},"west":{"uv":[0.166,2.666,1.332,3.832],"texture":"#0"},"up":{"uv":[0.166,2.666,1.332,3.832],"texture":"#0"},"down":{"uv":[0.166,2.666,1.332,3.832],"texture":"#0"}}},{"name":"Cube0","from":[7.5,9.5,7.5],"to":[8.5,11.5,8.5],"faces":{"north":{"uv":[0.416,4.166,0.499,4.249],"texture":"#0"},"east":{"uv":[0.416,4.166,0.499,4.249],"texture":"#0"},"south":{"uv":[0.416,4.166,0.499,4.249],"texture":"#0"},"west":{"uv":[0.416,4.166,0.499,4.249],"texture":"#0"},"up":{"uv":[0.416,4.166,0.499,4.249],"texture":"#0"},"down":{"uv":[0.416,4.166,0.499,4.249],"texture":"#0"}}},{"name":"Cube1","from":[7.5,11.5,6.5],"to":[8.5,13.5,7.5],"faces":{"north":{"uv":[0.5,4.166,0.583,4.249],"texture":"#0"},"east":{"uv":[0.5,4.166,0.583,4.249],"texture":"#0"},"south":{"uv":[0.5,4.166,0.583,4.249],"texture":"#0"},"west":{"uv":[0.5,4.166,0.583,4.249],"texture":"#0"},"up":{"uv":[0.5,4.166,0.583,4.249],"texture":"#0"},"down":{"uv":[0.5,4.166,0.583,4.249],"texture":"#0"}}},{"name":"Cube0","from":[7.5,4.5,7.5],"to":[8.5,6.5,8.5],"faces":{"north":{"uv":[0.416,4.166,0.499,4.249],"texture":"#0"},"east":{"uv":[0.416,4.166,0.499,4.249],"texture":"#0"},"south":{"uv":[0.416,4.166,0.499,4.249],"texture":"#0"},"west":{"uv":[0.416,4.166,0.499,4.249],"texture":"#0"},"up":{"uv":[0.416,4.166,0.499,4.249],"texture":"#0"},"down":{"uv":[0.416,4.166,0.499,4.249],"texture":"#0"}}},{"name":"Cube1","from":[7.5,2.5,8.5],"to":[8.5,4.5,9.5],"faces":{"north":{"uv":[0.5,4.166,0.583,4.249],"texture":"#0"},"east":{"uv":[0.5,4.166,0.583,4.249],"texture":"#0"},"south":{"uv":[0.5,4.166,0.583,4.249],"texture":"#0"},"west":{"uv":[0.5,4.166,0.583,4.249],"texture":"#0"},"up":{"uv":[0.5,4.166,0.583,4.249],"texture":"#0"},"down":{"uv":[0.5,4.166,0.583,4.249],"texture":"#0"}}},{"name":"Cube0","from":[7.5,7.5,4.5],"to":[8.5,8.5,6.5],"faces":{"north":{"uv":[0.416,4.166,0.499,4.249],"texture":"#0"},"east":{"uv":[0.416,4.166,0.499,4.249],"texture":"#0"},"south":{"uv":[0.416,4.166,0.499,4.249],"texture":"#0"},"west":{"uv":[0.416,4.166,0.499,4.249],"texture":"#0"},"up":{"uv":[0.416,4.166,0.499,4.249],"texture":"#0"},"down":{"uv":[0.416,4.166,0.499,4.249],"texture":"#0"}}},{"name":"Cube1","from":[7.5,6.5,2.5],"to":[8.5,7.5,4.5],"faces":{"north":{"uv":[0.5,4.166,0.583,4.249],"texture":"#0"},"east":{"uv":[0.5,4.166,0.583,4.249],"texture":"#0"},"south":{"uv":[0.5,4.166,0.583,4.249],"texture":"#0"},"west":{"uv":[0.5,4.166,0.583,4.249],"texture":"#0"},"up":{"uv":[0.5,4.166,0.583,4.249],"texture":"#0"},"down":{"uv":[0.5,4.166,0.583,4.249],"texture":"#0"}}},{"name":"Cube0","from":[7.5,7.5,9.5],"to":[8.5,8.5,11.5],"faces":{"north":{"uv":[0.416,4.166,0.499,4.249],"texture":"#0"},"east":{"uv":[0.416,4.166,0.499,4.249],"texture":"#0"},"south":{"uv":[0.416,4.166,0.499,4.249],"texture":"#0"},"west":{"uv":[0.416,4.166,0.499,4.249],"texture":"#0"},"up":{"uv":[0.416,4.166,0.499,4.249],"texture":"#0"},"down":{"uv":[0.416,4.166,0.499,4.249],"texture":"#0"}}},{"name":"Cube1","from":[7.5,8.5,11.5],"to":[8.5,9.5,13.5],"faces":{"north":{"uv":[0.5,4.166,0.583,4.249],"texture":"#0"},"east":{"uv":[0.5,4.166,0.583,4.249],"texture":"#0"},"south":{"uv":[0.5,4.166,0.583,4.249],"texture":"#0"},"west":{"uv":[0.5,4.166,0.583,4.249],"texture":"#0"},"up":{"uv":[0.5,4.166,0.583,4.249],"texture":"#0"},"down":{"uv":[0.5,4.166,0.583,4.249],"texture":"#0"}}},{"name":"Cube0","from":[9.5,7.5,7.5],"to":[11.5,8.5,8.5],"faces":{"north":{"uv":[0.416,4.166,0.499,4.249],"texture":"#0"},"east":{"uv":[0.416,4.166,0.499,4.249],"texture":"#0"},"south":{"uv":[0.416,4.166,0.499,4.249],"texture":"#0"},"west":{"uv":[0.416,4.166,0.499,4.249],"texture":"#0"},"up":{"uv":[0.416,4.166,0.499,4.249],"texture":"#0"},"down":{"uv":[0.416,4.166,0.499,4.249],"texture":"#0"}}},{"name":"Cube1","from":[11.5,8.5,7.5],"to":[13.5,9.5,8.5],"faces":{"north":{"uv":[0.5,4.166,0.583,4.249],"texture":"#0"},"east":{"uv":[0.5,4.166,0.583,4.249],"texture":"#0"},"south":{"uv":[0.5,4.166,0.583,4.249],"texture":"#0"},"west":{"uv":[0.5,4.166,0.583,4.249],"texture":"#0"},"up":{"uv":[0.5,4.166,0.583,4.249],"texture":"#0"},"down":{"uv":[0.5,4.166,0.583,4.249],"texture":"#0"}}},{"name":"Cube0","from":[4.5,7.5,7.5],"to":[6.5,8.5,8.5],"faces":{"north":{"uv":[0.416,4.166,0.499,4.249],"texture":"#0"},"east":{"uv":[0.416,4.166,0.499,4.249],"texture":"#0"},"south":{"uv":[0.416,4.166,0.499,4.249],"texture":"#0"},"west":{"uv":[0.416,4.166,0.499,4.249],"texture":"#0"},"up":{"uv":[0.416,4.166,0.499,4.249],"texture":"#0"},"down":{"uv":[0.416,4.166,0.499,4.249],"texture":"#0"}}},{"name":"Cube1","from":[2.5,6.5,7.5],"to":[4.5,7.5,8.5],"faces":{"north":{"uv":[0.5,4.166,0.583,4.249],"texture":"#0"},"east":{"uv":[0.5,4.166,0.583,4.249],"texture":"#0"},"south":{"uv":[0.5,4.166,0.583,4.249],"texture":"#0"},"west":{"uv":[0.5,4.166,0.583,4.249],"texture":"#0"},"up":{"uv":[0.5,4.166,0.583,4.249],"texture":"#0"},"down":{"uv":[0.5,4.166,0.583,4.249],"texture":"#0"}}},{"name":"Base","from":[6.5,6.5,6.5],"to":[9.5,9.5,9.5],"faces":{"north":{"uv":[0,4,0.25,4.25],"texture":"#0"},"east":{"uv":[0,4,0.25,4.25],"texture":"#0"},"south":{"uv":[0,4,0.25,4.25],"texture":"#0"},"west":{"uv":[0,4,0.25,4.25],"texture":"#0"},"up":{"uv":[0,4,0.25,4.25],"texture":"#0"},"down":{"uv":[0,4,0.25,4.25],"texture":"#0"}}}],"groups":[{"name":"Block_Portal","origin":[8,8,8],"color":0,"children":[{"name":"Border","origin":[8,8,8],"color":0,"children":[{"name":"Top_Bottom","origin":[8,8,8],"color":0,"children":[{"name":"Square0","origin":[8,8,8],"color":0,"children":[{"name":"Long","origin":[8,8,8],"color":0,"children":[0,1]},{"name":"Short","origin":[8,8,8],"color":0,"children":[2,3]}]},{"name":"Square1","origin":[8,8,8],"color":0,"children":[{"name":"Long","origin":[8,8,8],"color":0,"children":[4,5]},{"name":"Short","origin":[8,8,8],"color":0,"children":[6,7]}]}]},{"name":"Sides","origin":[8,8,8],"color":0,"children":[{"name":"Rods","origin":[8,8,8],"color":0,"children":[8,9,10,11]},{"name":"Top_Bottom","origin":[8,8,8],"color":0,"children":[{"name":"Top","origin":[8,8,8],"color":0,"children":[{"name":"Squares","origin":[8,8,8],"color":0,"children":[{"name":"Line0","origin":[8,8,8],"color":0,"children":[12,13,14,15]},{"name":"Line1","origin":[8,8,8],"color":0,"children":[16,17,18]},{"name":"Line2","origin":[8,8,8],"color":0,"children":[19,20,21,22]},{"name":"Line3","origin":[8,8,8],"color":0,"children":[23,24,25]},{"name":"Line4","origin":[8,8,8],"color":0,"children":[26,27,28,29]},{"name":"Line5","origin":[8,8,8],"color":0,"children":[30,31,32]},{"name":"Line6","origin":[8,8,8],"color":0,"children":[33,34,35,36]}]}]},37]}]}]},{"name":"Center","origin":[8,8,8],"color":0,"children":[{"name":"Arround","origin":[8,8,8],"color":0,"children":[{"name":"Top","origin":[8,8,8],"color":0,"children":[38,39]},{"name":"Bottom","origin":[8,8,8],"color":0,"children":[40,41]},{"name":"North","origin":[8,8,8],"color":0,"children":[42,43]},{"name":"South","origin":[8,8,8],"color":0,"children":[44,45]},{"name":"East","origin":[8,8,8],"color":0,"children":[46,47]},{"name":"West","origin":[8,8,8],"color":0,"children":[48,49]}]},50]}]}],"display":{"fixed":{"rotation":[-90,0,0],"translation":[0,0,-16],"scale":[2.001,2.001,2.001]}}}